<?xml version="1.0" encoding="utf-8"?><soap:Envelope xmlns:soap="http://www.w3.org/2003/05/soap-envelope" xmlns:xsi="http://www.w3.org/2001/XMLSchema-instance" xmlns:xsd="http://www.w3.org/2001/XMLSchema"><soap:Body><FEXAuthorizeResponse xmlns="http://ar.gov.afip.dif.fexv1/"><FEXAuthorizeResult><FEXResultAuth><Id>21999700000166</Id><Cuit>20939802593</Cuit><Cbte_tipo>19</Cbte_tipo><Punto_vta>10</Punto_vta><Cbte_nro>17</Cbte_nro><Cae>65203003391458</Cae><Fch_venc_Cae>20150527</Fch_venc_Cae><Fch_cbte>20150517</Fch_cbte><Resultado>A</Resultado><Reproceso>N</Reproceso><Motivos_Obs /></FEXResultAuth><FEXErr><ErrCode>0</ErrCode><ErrMsg>OK</ErrMsg></FEXErr><FEXEvents><EventCode>0</EventCode></FEXEvents></FEXAuthorizeResult></FEXAuthorizeResponse></soap:Body></soap:Envelope>
