<?xml version="1.0" encoding="utf-8"?><soap:Envelope xmlns:soap="http://schemas.xmlsoap.org/soap/envelope/" xmlns:xsi="http://www.w3.org/2001/XMLSchema-instance" xmlns:xsd="http://www.w3.org/2001/XMLSchema"><soap:Header><FEHeaderInfo xmlns="http://ar.gov.afip.dif.FEV1/"><ambiente>HomologacionExterno - efa</ambiente><fecha>2019-09-02T13:12:31.979259-03:00</fecha><id>3.0.5.0</id></FEHeaderInfo></soap:Header><soap:Body><FECAESolicitarResponse xmlns="http://ar.gov.afip.dif.FEV1/"><FECAESolicitarResult><FeCabResp><Cuit>20939802593</Cuit><PtoVta>2000</PtoVta><CbteTipo>203</CbteTipo><FchProceso>20190902131231</FchProceso><CantReg>1</CantReg><Resultado>A</Resultado><Reproceso>N</Reproceso></FeCabResp><FeDetResp><FECAEDetResponse><Concepto>1</Concepto><DocTipo>80</DocTipo><DocNro>30504507323</DocNro><CbteDesde>7</CbteDesde><CbteHasta>7</CbteHasta><CbteFch>20190902</CbteFch><Resultado>A</Resultado><CAE>69353780541291</CAE><CAEFchVto>20190902</CAEFchVto></FECAEDetResponse></FeDetResp></FECAESolicitarResult></FECAESolicitarResponse></soap:Body></soap:Envelope>
