<?xml version='1.0' encoding='utf-8'?><soapenv:Envelope xmlns:soapenv="http://schemas.xmlsoap.org/soap/envelope/"><soapenv:Body><ns1:autorizarComprobanteResponse xmlns:ns1="http://impl.service.wsmtxca.afip.gov.ar/service/"><resultado>A</resultado><comprobanteResponse><cuit>20939802593</cuit><codigoTipoComprobante>1</codigoTipoComprobante><numeroPuntoVenta>110</numeroPuntoVenta><numeroComprobante>3376</numeroComprobante><fechaEmision>2019-09-06</fechaEmision><CAE>69363048455812</CAE><fechaVencimientoCAE>2019-09-16</fechaVencimientoCAE></comprobanteResponse></ns1:autorizarComprobanteResponse></soapenv:Body></soapenv:Envelope>
