<?xml version="1.0" encoding="UTF-8"?>
<project-private xmlns="http://www.netbeans.org/ns/project-private/1">
    <editor-bookmarks xmlns="http://www.netbeans.org/ns/editor-bookmarks/2" lastBookmarkId="0"/>
    <open-files xmlns="http://www.netbeans.org/ns/projectui-open-files/2">
        <group>
            <file>file:/C:/xampp/bitingenieria.com.ar/feafip/Ejemplos/Java/FEAFIP%20Demo/src/feafip/demo/FEAFIPDemo.java</file>
            <file>file:/C:/xampp/bitingenieria.com.ar/feafip/Ejemplos/Java/FEAFIP%20Demo/src/feafip/demo/MainFrame.java</file>
        </group>
    </open-files>
</project-private>
