<?xml version="1.0" encoding="utf-8"?><soap:Envelope xmlns:soap="http://schemas.xmlsoap.org/soap/envelope/" xmlns:xsi="http://www.w3.org/2001/XMLSchema-instance" xmlns:xsd="http://www.w3.org/2001/XMLSchema"><soap:Header><FEHeaderInfo xmlns="http://ar.gov.afip.dif.bfev1/"><ambiente>Homologacion - efa</ambiente><fecha>2019-08-13T11:46:37.6645091-03:00</fecha><id>1.3.3.0</id></FEHeaderInfo></soap:Header><soap:Body><BFEAuthorizeResponse xmlns="http://ar.gov.afip.dif.bfev1/"><BFEAuthorizeResult><BFEResultAuth><Id>10581</Id><Cuit>20939802593</Cuit><Cae /><Fch_venc_Cae>20190823</Fch_venc_Cae><Fch_cbte>20190813</Fch_cbte><Resultado>R</Resultado><Reproceso>N</Reproceso><Obs>11</Obs></BFEResultAuth><BFEErr><ErrCode>0</ErrCode><ErrMsg>OK</ErrMsg></BFEErr><BFEEvents><EventCode>0</EventCode><EventMsg /></BFEEvents></BFEAuthorizeResult></BFEAuthorizeResponse></soap:Body></soap:Envelope>
